Speak & Spell,1981,149,Images/ss.jpg
A Broken Frame,1982,149,Images/abf.jpg
Construction Time Again,1983,149,Images/cta.jpg
Some Great Reward,1984,149,Images/sga.jpg
Black Celebration,1986,149,Images/bc.jpg
Music for the Masses,1988,149,Images/mftm.jpg
Violator,1990,149,Images/violator.jpg
Songs of Faith and Devotion,1993,149,Images/sofad.jpg
ULTRA,1997,149,Images/ultra.jpg
Exciter,2001,149,Images/exciter.jpg
Playing the Angel,2005,149,Images/pta.jpg
Sounds of the Universe,2009,149,Images/sotu.jpg
Delta Machine,2013,149,Images/dm.jpg
Spirit,2017,149,Images/spirit.jpg